TITLE,DESCRIPTION,PRICE,CURRENCY_CODE,QUANTITY,TAGS,MATERIALS,IMAGE1,IMAGE2,IMAGE3,IMAGE4,IMAGE5,IMAGE6,IMAGE7,IMAGE8,IMAGE9,IMAGE10,"VARIATION 1 TYPE","VARIATION 1 NAME","VARIATION 1 VALUES","VARIATION 2 TYPE","VARIATION 2 NAME","VARIATION 2 VALUES",SKU
"Question Tarot Reading | Intuitive Reading | Questions Answered","Let the cards give you guidance and clarity on a question in your life. Using my tarot card reading skills and psychic intuition I will answer your question using at least a 3 card spread.

⚞ What You Will Receive ⚟
- A intuitive tarot card reading using the deck you chose from the list above
- An email and etsy message with a photo of your tarot cards and spread
- In that same email you'll also receive the interpretation of the cards (300-600 words)

⚞ What I Need From You ⚟
- Your name
- Your email address

⚞ About Tarot Readings ⚟
Tarot readings are a divination practice that provide wisdom and guidance through tarot cards and tarot card spreads. As an experienced intuitive tarot reader, I will use my skills to give you a intuitive, detailed and accurate tarot reading. Tarot readings are an amazing way to learn more about your life and path. My tarot card readings will give you clarity about your past, your present and the best way forward for your future.

I do not do readings about:  legal questions, lottery numbers, pregnancy, and medical issues.

I look forward to reading for you!

Per Etsy legal Requirements, this reading is for entertainment purposes.

Question Tarot Reading | Intuitive Reading | Questions Answered",5,USD,91,"intuitive_reading,intuitive_tarot,psychic_reading,tarot_card_reading,email_tarot_reading,ask_a_question,one_question_reading,question_reading,tarot_one_question,cheap_tarot,yes_or_no_reading,tarot_online,tarot_card_readings","Tarot,intuition,crystals,spirituality,tarot cards,oracle cards,psychic insight",https://i.etsystatic.com/30569379/r/il/15eb50/3613797946/il_fullxfull.3613797946_b7ll.jpg,https://i.etsystatic.com/30569379/r/il/a9d36a/3447269293/il_fullxfull.3447269293_5kp5.jpg,https://i.etsystatic.com/30569379/r/il/f4b2a7/3160397782/il_fullxfull.3160397782_pvm2.jpg,https://i.etsystatic.com/30569379/r/il/fde7ba/3447323121/il_fullxfull.3447323121_ibok.jpg,https://i.etsystatic.com/30569379/r/il/1c4779/3447323169/il_fullxfull.3447323169_rupq.jpg,https://i.etsystatic.com/30569379/r/il/db8fed/3224470630/il_fullxfull.3224470630_ny0s.jpg,https://i.etsystatic.com/30569379/r/il/70ab3e/3224470766/il_fullxfull.3224470766_1bt6.jpg,https://i.etsystatic.com/30569379/r/il/6d1db9/3224470950/il_fullxfull.3224470950_ikcv.jpg,,,"Custom Property",Deck,"Arthurian Tarot,Illuminated Tarot,Rider-Waite","Custom Property",Questions,"1,2,3",
"5 Printable Tarot Spreads for Interviewing Your Tarot Deck | Tarot Card Spreads | 5 Downloadable Tarot Spreads | PDF for Instant Download","Getting a new deck of tarot cards is always exciting! One of the best ways to connect with your new tarot deck (or to reconnect with an old tarot deck) is to let the deck tell you about itself. This download contains 5 different spreads that range in complexity from brand new beginners to advanced practitioners.

This bundle includes:
- 1 three card tarot spread
- 1 four card tarot spread
- 1 five card tarot spread
- 1 seven card tarot spread
- 1 nine card tarot spread
- BONUS! Tarot Reading worksheet

These spreads work for both tarot and oracle cards.

Looking for more tarot spreads for beginners? Check out my 17 Tarot Card Spreads for Beginners (https://etsy.me/3zpzw1f) and 23 More Tarot Spreads for Beginners (https://etsy.me/3HEz16b).

This listing is an instant download. Once downloaded you can print it as many times as you like for personal use. These files cannot be used commercially.

5 Printable Tarot Spreads for Interviewing Your Tarot Deck | Tarot Card Spreads | 5 Downloadable Tarot Spreads | PDF for Instant Download",1.11,USD,500,"beginners_tarot,learn_tarot,tarot_for_beginners,tarot_journal_sheet,tarot_spread,tarot_spreads,tarot_printable,printable_tarot,tarot_workbook,tarot_pdf,tarot_newbie,tarot_prompts,tarot_interview","tarot,intuition,crystals,spirituality,tarot cards,oracle cards,psychic insight,tarot spread,pdf,download,printable",https://i.etsystatic.com/30569379/r/il/b1ee95/3661306451/il_fullxfull.3661306451_oimy.jpg,https://i.etsystatic.com/30569379/r/il/f1ff18/3596882942/il_fullxfull.3596882942_g9dt.jpg,https://i.etsystatic.com/30569379/r/il/db987c/3644499925/il_fullxfull.3644499925_4nuy.jpg,https://i.etsystatic.com/30569379/r/il/e5a36f/3644499933/il_fullxfull.3644499933_3as1.jpg,https://i.etsystatic.com/30569379/r/il/e3c565/3644499919/il_fullxfull.3644499919_ste7.jpg,https://i.etsystatic.com/30569379/r/il/d34a5a/3491858817/il_fullxfull.3491858817_c1c4.jpg,,,,,,,,,,,
"11 Printable Tarot Spreads for Love and Relationships | Love & Relationship Tarot Spread | 11 Downloadable Tarot Spreads | PDF Download","This listing is for 11 printable tarot spread templates with spreads for love and relationship readings. These spreads are great for beginners and those just learning tarot or an experienced reader looking for new spreads to try.

This bundle includes:

- 4 tarot spreads for finding new love, are you ready for a new relationship? How will you meet your next partner?
- 4 tarot spreads for new relationships, find out your relationship potential and if you are compatible long term
- 3 tarot spreads to help you navigate through a break up and see if you will get back together 
- BONUS! Tarot Reading worksheet

These spreads work for both tarot and oracle cards.

This listing is an instant download. Once downloaded you can print it as many times as you like for personal use. These files cannot be used commercially.

11 Printable Tarot Spreads for Love and Relationships | Tarot Card Spread Love | 11 Downloadable Tarot Spreads | PDF Printable for Instant Download",3.49,USD,499,"tarot_for_beginners,tarot_spread,tarot_spreads,tarot_printable,tarot_template,printable_tarot,tarot_digital,tarot_pdf,new_love_tarot,break_up_tarot,should_I_stay_tarot,love_tarot_spread,tarot_prompts","tarot,intuition,crystals,spirituality,tarot cards,oracle cards,psychic insight,tarot spread,pdf,download,printable",https://i.etsystatic.com/30569379/r/il/c73f29/3613694802/il_fullxfull.3613694802_f7sg.jpg,https://i.etsystatic.com/30569379/r/il/96faa4/3424257298/il_fullxfull.3424257298_550p.jpg,https://i.etsystatic.com/30569379/r/il/8e894d/3424261966/il_fullxfull.3424261966_3a2g.jpg,https://i.etsystatic.com/30569379/r/il/0d2cb9/3471934581/il_fullxfull.3471934581_cphd.jpg,https://i.etsystatic.com/30569379/r/il/a797eb/3424257352/il_fullxfull.3424257352_t5vr.jpg,https://i.etsystatic.com/30569379/r/il/4824d9/3471934535/il_fullxfull.3471934535_c5c5.jpg,https://i.etsystatic.com/30569379/r/il/ac9872/3424257346/il_fullxfull.3424257346_350c.jpg,https://i.etsystatic.com/30569379/r/il/0531a5/3491859533/il_fullxfull.3491859533_jf9z.jpg,,,,,,,,,
"Print at Home Tarot Card Stickers | 96 Tarot Stickers | 1-1/4"" x 1-3/4"" Stickers | Full Deck Tarot Stickers","This listing is for a sticker template that is compatible with Avery templates: 22828, 6570, 6576, 6590, 6791, Presta 94226

The downloadable pdf comes with three pages of stickers that include:
- 78 stickers of all the cards in the Rider-Waite-Smith tarot deck
- 6 additional blank major arcana stickers
- 3 blank wands stickers
- 3 blank cups stickers
- 3 blank pentacle stickers

These stickers are a great way to journal about cards and record readings! Each sticker is 1-1/4"" x 1-3/4"".

This template is for personal use only. You may NOT share, sell, alter or replicate these files. By purchasing this listing, you agree to my shop policies.

Print at Home Tarot Card Stickers | 78 Tarot Stickers | 1-1/4"" x 1-3/4"" Stickers | Full Deck Tarot Stickers",3.99,USD,500,"printable_tarot_card,tarot_card_sticker,tarot_journal,download_sticker,tarot_card_deck,book_of_shadows,avery_template,tarot_workbook,tarot_card_reading,journal_stickers,mini_stickers,small_stickers,printable_sticker","tarot cards,intuition,stickers,crystals,oracle cards,pdf,printable,avery template",https://i.etsystatic.com/30569379/r/il/dd14d0/3661308583/il_fullxfull.3661308583_8eje.jpg,https://i.etsystatic.com/30569379/r/il/12f867/3578365722/il_fullxfull.3578365722_2gnr.jpg,https://i.etsystatic.com/30569379/r/il/074ed4/3578365706/il_fullxfull.3578365706_54hd.jpg,https://i.etsystatic.com/30569379/r/il/f211fa/3578408726/il_fullxfull.3578408726_dnbi.jpg,https://i.etsystatic.com/30569379/r/il/e4a612/3578411640/il_fullxfull.3578411640_6b9v.jpg,https://i.etsystatic.com/30569379/r/il/853f68/3626022671/il_fullxfull.3626022671_md0n.jpg,,,,,,,,,,,
"Build Your Own Tarot Card Spread | Tarot Card Spread Template | 47 Tarot Card Prompts | PDF Printable for Instant Download","This listing is for printable tarot card prompts you can use to create your own tarot card spreads. Simply print out the prompts, cut them out, and arrange them into your own tarot card spreads. 

It's great for for people who want to start learning how to build their own tarot card spreads and for getting used to new and/or large tarot spreads before you have all the positions memorized.

This bundle includes:
- 47 Tarot card spreads prompts to help you build you own unique and personal tarot card spreads (includes both light and dark versions!)
- 1 Blank card prompt so you can add any additional prompts that you need (both light and dark versions!)
- BONUS! Tarot Reading worksheet

These spread prompts work for both tarot and oracle cards.

This listing is an instant download. Once downloaded you can print it as many times as you like for personal use. These files cannot be used commercially.

Build Your Own Tarot Card Spread | Tarot Card Spread Template | 47 Tarot Card Prompts | PDF Printable for Instant Download",3.99,USD,96,"beginners_tarot,learn_tarot,tarot_for_beginners,tarot_journal_sheet,tarot_spread,tarot_spreads,tarot_printable,tarot_template,printable_tarot,tarot_workbook,tarot_pdf,tarot_newbie,tarot_prompts","tarot,intuition,crystals,spirituality,tarot cards,oracle cards,psychic insight,tarot spread,pdf,download,printable",https://i.etsystatic.com/30569379/r/il/c18c95/3613696574/il_fullxfull.3613696574_b2lj.jpg,https://i.etsystatic.com/30569379/r/il/50ae87/3422270360/il_fullxfull.3422270360_a5qg.jpg,https://i.etsystatic.com/30569379/r/il/c6008c/3461358246/il_fullxfull.3461358246_akky.jpg,https://i.etsystatic.com/30569379/r/il/9b66e1/3509022659/il_fullxfull.3509022659_t63r.jpg,https://i.etsystatic.com/30569379/r/il/b0ee24/3509022657/il_fullxfull.3509022657_641q.jpg,https://i.etsystatic.com/30569379/r/il/0e67b6/3461358374/il_fullxfull.3461358374_76iu.jpg,https://i.etsystatic.com/30569379/r/il/6dab82/3509024079/il_fullxfull.3509024079_e0q1.jpg,https://i.etsystatic.com/30569379/r/il/552935/3509024395/il_fullxfull.3509024395_92l7.jpg,,,,,,,,,
"17 Printable Tarot Spreads for Beginners | Tarot Card Spread Template | 17 Downloadable Tarot Spreads | PDF Printable for Instant Download","This listing is for 17 tarot printable tarot spread templates. It's great for beginners and those just learning tarot or an experienced reader looking for new spreads to try.

This bundle includes:

- 6 two-card tarot spreads, easy to use for brand new readers and great for anyone who just wants a concise answer
- 5 three-card tarot spreads that can be used to answer questions, get quick insight into your life and relationships, and get messages from your guides and the universe
- 3 four-card tarot spreads to help you see the hidden side of situations, connect with your inner child, and see where your path is taking you
- 2 five-card tarot spreads to look at your upcoming week and reveal new insights into your relationships
- 1 ten-card tarot spread to give you insight into the next month
- BONUS! Tarot Reading worksheet

These spreads work for both tarot and oracle cards.

Looking for more tarot spreads for beginners? Check out 23 More Tarot Spreads for Beginners (https://etsy.me/3HEz16b).

This listing is an instant download. Once downloaded you can print it as many times as you like for personal use. These files cannot be used commercially.

17 Printable Tarot Spreads for Beginners | Tarot Card Spread Template | 17 Downloadable Tarot Spreads | PDF Printable for Instant Download",4.99,USD,499,"beginners_tarot,learn_tarot,tarot_for_beginners,tarot_journal_sheet,tarot_spread,tarot_spreads,tarot_printable,tarot_template,printable_tarot,tarot_workbook,tarot_pdf,tarot_newbie,tarot_prompts","tarot,intuition,crystals,spirituality,tarot cards,oracle cards,psychic insight,tarot spread,pdf,download,printable",https://i.etsystatic.com/30569379/r/il/759ee0/3661293865/il_fullxfull.3661293865_p40j.jpg,https://i.etsystatic.com/30569379/r/il/50ae87/3422270360/il_fullxfull.3422270360_a5qg.jpg,https://i.etsystatic.com/30569379/r/il/3296b1/3453493520/il_fullxfull.3453493520_kvld.jpg,https://i.etsystatic.com/30569379/r/il/ef87fc/3501154961/il_fullxfull.3501154961_din5.jpg,https://i.etsystatic.com/30569379/r/il/e19875/3453493652/il_fullxfull.3453493652_6syw.jpg,https://i.etsystatic.com/30569379/r/il/3dff5d/3453493560/il_fullxfull.3453493560_tq3v.jpg,https://i.etsystatic.com/30569379/r/il/db965c/3501155111/il_fullxfull.3501155111_h7s5.jpg,https://i.etsystatic.com/30569379/r/il/b4b476/3501154957/il_fullxfull.3501154957_i2ex.jpg,https://i.etsystatic.com/30569379/r/il/d34a5a/3491858817/il_fullxfull.3491858817_c1c4.jpg,,,,,,,,
"23 Printable Tarot Spreads for Beginners | Tarot Card Spread Template | 23 Downloadable Tarot Spreads | PDF Printable for Instant Download","This listing is for 23 tarot printable tarot spread templates. It's great for beginners and those just learning tarot or an experienced reader looking for new spreads to try. This pack of tarot spreads is meant to build on the original pack of 17 tarot spreads for beginners (https://etsy.me/3zpzw1f) although it can be used independently and contains entirely new spreads.

This bundle includes:

- 6 two card tarot spreads, these are easy to use for brand new readers and great for anyone who just wants a concise answer
- 9 three card tarot spreads that can be used to answer questions, get quick insight into your life and relationships, deal with lies, attraction and forgiveness
- 4 four card tarot spreads to help you see the hidden side of situations, see into your relationships, face your fears and living honorably 
- 4 five to seven card tarot spreads to look at patterns in your life, how to stop fighting, how the elements show up in your life, and how to protect yourself from negative people
- BONUS! Tarot Reading worksheet

These spreads work for both tarot and oracle cards.

This listing is an instant download. Once downloaded you can print it as many times as you like for personal use. These files cannot be used commercially.

23 Printable Tarot Spreads for Beginners | Tarot Card Spread Template | 23 Downloadable Tarot Spreads | PDF Printable for Instant Download",6.99,USD,500,"beginners_tarot,learn_tarot,tarot_for_beginners,tarot_journal_sheet,tarot_spread,tarot_spreads,tarot_printable,tarot_template,printable_tarot,tarot_workbook,tarot_pdf,tarot_newbie,tarot_prompts","tarot,intuition,crystals,spirituality,tarot cards,oracle cards,psychic insight,tarot spread,pdf,download,printable",https://i.etsystatic.com/30569379/r/il/1bee02/3661310739/il_fullxfull.3661310739_m3k9.jpg,https://i.etsystatic.com/30569379/r/il/07c5af/3573342976/il_fullxfull.3573342976_n6mp.jpg,https://i.etsystatic.com/30569379/r/il/f7389c/3620968247/il_fullxfull.3620968247_hdxj.jpg,https://i.etsystatic.com/30569379/r/il/e29ec6/3573342992/il_fullxfull.3573342992_q9os.jpg,https://i.etsystatic.com/30569379/r/il/38763d/3620968169/il_fullxfull.3620968169_dhb9.jpg,https://i.etsystatic.com/30569379/r/il/f5ebb1/3620968173/il_fullxfull.3620968173_gc9f.jpg,https://i.etsystatic.com/30569379/r/il/d5a723/3573343066/il_fullxfull.3573343066_t60c.jpg,https://i.etsystatic.com/30569379/r/il/95ba9e/3620968187/il_fullxfull.3620968187_7m0g.jpg,https://i.etsystatic.com/30569379/r/il/42fa0e/3573343118/il_fullxfull.3573343118_8cs6.jpg,https://i.etsystatic.com/30569379/r/il/d34a5a/3491858817/il_fullxfull.3491858817_c1c4.jpg,,,,,,,
"11 Printable Tarot Spreads for Personal Growth and Self-Discovery | Shadow Work Tarot Card Spread Templates | PDF Downloadable Tarot Spreads","This listing is for 11 tarot printable tarot spread templates for your personal growth and development. It's great for beginners and those just learning tarot or an experienced reader looking for new spreads to try. These tarot spreads are also great for shadow work! 

This bundle includes:

- 5 tarot spreads to see how others see you, see parts of yourself that you are not currently aware of, and integrate your shadow self.
- 3 tarot spreads to connect with and help heal your inner child
- 3 tarot spreads to help you hear your inner voice and strengthen your inner wisdom
- BONUS! Tarot reading worksheet to help you remember and keep track of your readings

These spreads work for both tarot and oracle cards.

This listing is an instant download. Once downloaded you can print it as many times as you like for personal use. These files cannot be used commercially.

11 Printable Tarot Spreads for Personal Growth and Self-Discovery | Shadow Work Tarot Card Spread Template | PDF Printable Downloadable Tarot Spreads",3.49,USD,500,"beginners_tarot,learn_tarot,tarot_for_beginners,tarot_journal_sheet,tarot_spread,tarot_spreads,tarot_printable,tarot_template,printable_tarot,tarot_workbook,tarot_pdf,tarot_newbie,tarot_prompts","tarot,intuition,crystals,spirituality,tarot cards,oracle cards,psychic insight,tarot spread,pdf,download,printable",https://i.etsystatic.com/30569379/r/il/f4e982/3613700336/il_fullxfull.3613700336_qacr.jpg,https://i.etsystatic.com/30569379/r/il/7a9652/3596824965/il_fullxfull.3596824965_bimr.jpg,https://i.etsystatic.com/30569379/r/il/8793e5/3596824097/il_fullxfull.3596824097_6gt8.jpg,https://i.etsystatic.com/30569379/r/il/723d89/3596824149/il_fullxfull.3596824149_g988.jpg,https://i.etsystatic.com/30569379/r/il/51b43b/3596824153/il_fullxfull.3596824153_b2ri.jpg,https://i.etsystatic.com/30569379/r/il/49b5b3/3549187860/il_fullxfull.3549187860_dcxq.jpg,https://i.etsystatic.com/30569379/r/il/644696/3549187850/il_fullxfull.3549187850_cv2x.jpg,https://i.etsystatic.com/30569379/r/il/d34a5a/3491858817/il_fullxfull.3491858817_c1c4.jpg,,,,,,,,,
"9 Printable Tarot Spreads for Love and Relationships | Twin Flame Tarot Spreads | 12 Downloadable Tarot Spreads","This listing is for 9 printable tarot spread templates with spreads for people who are in a relationship. 

This bundle includes:

- 4 tarot spreads about how you can grow together as a couple
- 2 tarot spreads for resolving conflicts that come up in your relationship
- 3 tarot spreads for learning all about your partner and your compatibility
- BONUS! Tarot Reading worksheet

These spreads work for both tarot and oracle cards.

This listing is an instant download. Once downloaded you can print it as many times as you like for personal use. These files cannot be used commercially.

9 Printable Tarot Spreads for Love and Relationships | Twin Flame Tarot Spreads | 12 Downloadable Tarot Spreads",3,USD,99,"tarot_for_beginners,tarot_spread,tarot_spreads,tarot_printable,tarot_template,printable_tarot,tarot_digital,tarot_pdf,love_tarot_spread,tarot_prompts,love_tarot_reading,relationship_tarot,tarot_download","tarot,intuition,crystals,spirituality,tarot cards,oracle cards,psychic insight,tarot spread,pdf,download,printable",https://i.etsystatic.com/30569379/r/il/5b2a83/3613702458/il_fullxfull.3613702458_i2vo.jpg,https://i.etsystatic.com/30569379/r/il/96faa4/3424257298/il_fullxfull.3424257298_550p.jpg,https://i.etsystatic.com/30569379/r/il/0a17d7/3531283662/il_fullxfull.3531283662_4fgp.jpg,https://i.etsystatic.com/30569379/r/il/001704/3531283668/il_fullxfull.3531283668_8y5m.jpg,https://i.etsystatic.com/30569379/r/il/c195f4/3578928147/il_fullxfull.3578928147_phgy.jpg,https://i.etsystatic.com/30569379/r/il/57b994/3578928143/il_fullxfull.3578928143_o7lr.jpg,https://i.etsystatic.com/30569379/r/il/0531a5/3491859533/il_fullxfull.3491859533_jf9z.jpg,,,,,,,,,,
"12 Printable Tarot Spreads for Finding New Love and Relationships | Attracting Love Tarot Spreads | 12 Downloadable Tarot Spreads","This listing is for 12 printable tarot spread templates with spreads for single people who are looking for new love and relationships. 

This bundle includes:

- 4 tarot spreads for finding new love, how to break old patterns, and how you'll meet your new partner
- 3 tarot spreads to attract love, learn how to best express your love, and how to attract a healthy relationship
- 2 tarot spreads for working on yourself to become ready for a good healthy relationship
- 3 tarot spreads to see if you're ready for love and how to listen to your heart
- BONUS! Tarot Reading worksheet

These spreads work for both tarot and oracle cards.

This listing is an instant download. Once downloaded you can print it as many times as you like for personal use. These files cannot be used commercially.

12 Printable Tarot Spreads for Finding New Love and Relationships | Attracting Love Tarot Spreads | 12 Downloadable Tarot Spreads | PDF Printable for Instant Download",3.59,USD,500,"tarot_for_beginners,tarot_spread,tarot_spreads,tarot_printable,tarot_template,printable_tarot,tarot_digital,tarot_pdf,new_love_tarot,love_tarot_spread,tarot_prompts,love_tarot_reading,relationship_tarot","tarot,intuition,crystals,spirituality,tarot cards,oracle cards,psychic insight,tarot spread,pdf,download,printable",https://i.etsystatic.com/30569379/r/il/1fdb3b/3613701300/il_fullxfull.3613701300_6prj.jpg,https://i.etsystatic.com/30569379/r/il/96faa4/3424257298/il_fullxfull.3424257298_550p.jpg,https://i.etsystatic.com/30569379/r/il/4076f3/3473122972/il_fullxfull.3473122972_8hm9.jpg,https://i.etsystatic.com/30569379/r/il/f810f5/3520777955/il_fullxfull.3520777955_o2ky.jpg,https://i.etsystatic.com/30569379/r/il/4dfa54/3520777939/il_fullxfull.3520777939_t5cq.jpg,https://i.etsystatic.com/30569379/r/il/f6b471/3520779529/il_fullxfull.3520779529_mclc.jpg,https://i.etsystatic.com/30569379/r/il/cc8f27/3473123026/il_fullxfull.3473123026_hfxv.jpg,https://i.etsystatic.com/30569379/r/il/0531a5/3491859533/il_fullxfull.3491859533_jf9z.jpg,,,,,,,,,
"Spirit Guide Tarot Reading | Intuitive Reading | Message from Your Spirit Guides | Message from the Universe","Our spirit guides, higher self and intuition are always trying to guide us in life, but sometimes they an be hard to hear. This 5 card tarot reading will help you cut through the noise and hear what your guides are trying to tell you.

This tarot card reading will let you know which guides are trying to speak with you, what they want to help you with and how you can better connect with them on your own.

⚞ What You Will Receive ⚟

- A intuitive tarot card reading using the deck you chose from the list above
- An email and etsy message with a photo of your tarot cards and spread
- In that same email you'll also receive the detailed interpretation of the cards (600-900 words) and the messages that came through for you

⚞ What I Need From You ⚟

- Your name
- Your email address

⚞ About Tarot Readings ⚟
Tarot readings are a divination practice that provide wisdom and guidance through tarot cards and tarot card spreads. As an experienced intuitive tarot reader, I will use my skills to give you a intuitive, detailed and accurate tarot reading. Tarot readings are an amazing way to learn more about your life and path. My tarot card readings will give you clarity about your past, your present and the best way forward for your future.

---

I do not do readings about:  legal questions, lottery numbers, pregnancy, and medical issues.

Per Etsy legal Requirements, this reading is for entertainment purposes.

Spirit Guide Tarot Reading | Intuitive Reading | Message from Your Spirit Guides | Message from the Universe",10,USD,100,"psychic_reading,intuitive_reading,spirit_guide_reading,intuitive_tarot,universe_message,spirit_message,email_tarot_reading,spirit_guide_message,tarot_card_reading,spirit_messages,Deity_reading,tarot_card_readings,tarot_online","Tarot,intuition,crystals,spirituality,tarot cards,oracle cards,psychic insight",https://i.etsystatic.com/30569379/r/il/1dbd87/3613799434/il_fullxfull.3613799434_ev0z.jpg,https://i.etsystatic.com/30569379/r/il/5d450a/3228009129/il_fullxfull.3228009129_q6eo.jpg,https://i.etsystatic.com/30569379/r/il/4232a9/3269867935/il_fullxfull.3269867935_3jp3.jpg,https://i.etsystatic.com/30569379/r/il/19902f/3222177506/il_fullxfull.3222177506_ajs9.jpg,https://i.etsystatic.com/30569379/r/il/49e300/3272154895/il_fullxfull.3272154895_ilgd.jpg,https://i.etsystatic.com/30569379/r/il/d4c69c/3272154987/il_fullxfull.3272154987_m01l.jpg,https://i.etsystatic.com/30569379/r/il/2cc654/3272155059/il_fullxfull.3272155059_2xn3.jpg,https://i.etsystatic.com/30569379/r/il/c586af/3399734416/il_fullxfull.3399734416_n9dz.jpg,https://i.etsystatic.com/30569379/r/il/07f1a0/3447401527/il_fullxfull.3447401527_1m2o.jpg,,"Custom Property",Deck,"Rider-Waite,Illuminated Tarot,Arthurian Tarot",,,,
"Month Ahead Full Moon Tarot Reading | Intuitive Reading | Energy Reading","The full moon is a time of heightened energy and manifestation. It is a time to release what does not serve you and to harvest what you have nourished and grown. This reading is intended to look at what you should embrace and let go of over the next lunar month.

Your reading will be done at the next full moon after your booking date and will focus on either a specific request from you or the energy of the zodiac for that full moon.


When you book a reading with me you'll receive a photo of your tarot spread as well as a detailed pdf of 700-1,000 words explaining the significance of each card in your reading at the email you provide.

Please include the following with your order:
* Your name
* Your email address

I look forward to reading for you!


I do not do readings about: legal questions, lottery numbers, pregnancy, and medical issues. 

I look forward to reading for you!



Per Etsy legal Requirements, this reading is for entertainment purposes.


Month Ahead Full Moon Tarot Reading | Intuitive Reading | Energy Reading",10,USD,10,"full_moon,intuitive_reading,full_moon_tarot,tarot_reading_online,tarot_cards_reading,future_reading,tarot_digital,tarot_card_reading,month_ahead_tarot,moon_magick,intuitive_tarot,tarot_pdf,week_ahead_reading","Tarot,intuition,crystals,spirituality,tarot cards,oracle cards,psychic insight",https://i.etsystatic.com/30569379/r/il/f971e5/3661413479/il_fullxfull.3661413479_37vq.jpg,https://i.etsystatic.com/30569379/r/il/aa5b58/3224463142/il_fullxfull.3224463142_7yn3.jpg,https://i.etsystatic.com/30569379/r/il/70e474/3224463288/il_fullxfull.3224463288_tvcq.jpg,https://i.etsystatic.com/30569379/r/il/9ff76e/3224464246/il_fullxfull.3224464246_gnes.jpg,https://i.etsystatic.com/30569379/r/il/ad580e/3408707476/il_fullxfull.3408707476_pskn.jpg,https://i.etsystatic.com/30569379/r/il/2218cc/3408707528/il_fullxfull.3408707528_e7qg.jpg,https://i.etsystatic.com/30569379/r/il/9c40b0/3408707478/il_fullxfull.3408707478_j4oc.jpg,,,,"Custom Property",Deck,"Rider-Waite,Illuminated Tarot,Arthurian Tarot",,,,
"Personalized and Accurate Career Tarot Reading | Detailed Career Tarot Reading | Intuitive Job Reading","Is your current current path is right for you? Is it time for a change? Should you get a new job? Start your own business? What should you do after you graduate?

In this reading I will help you with any career or job related question you may have. Using my intuition, and tarot and cards I will answer your questions about your education, career, job, business and wealth.

⚞ What You Will Receive ⚟
- A intuitive tarot card reading using the deck you chose from the list above
- An email and etsy message with a photo of your tarot cards and spread
- In that same email you'll also receive the detailed interpretation of your cards (600-900 words)

⚞ What I Need From You ⚟
- Your name
- Your email address
- If you have a specific question you would like addressed in this reading

⚞ About Tarot Readings ⚟
Tarot readings are a divination practice that provide wisdom and guidance through tarot cards and tarot card spreads. As an experienced intuitive tarot reader, I will use my skills to give you a intuitive, detailed and accurate tarot reading. Tarot readings are an amazing way to learn more about your life and path. My tarot card readings will give you clarity about your past, your present and the best way forward for your future.

Personalized and Accurate Career Tarot Reading | Detailed Career Tarot Reading | Intuitive Job Reading",15,USD,99,"cheap_tarot,tarot_card_reading,tarot_digital,tarot_online,tarot_card_readings,career_tarot_reading,career_reading,job_reading,job_tarot_reading,career_psychic,intuitive_reading,future_career,money_tarot_reading","Tarot,intuition,crystals,spirituality,tarot cards,oracle cards,psychic insight",https://i.etsystatic.com/30569379/r/il/d1190b/3613803722/il_fullxfull.3613803722_mx54.jpg,https://i.etsystatic.com/30569379/r/il/8a3907/3160469026/il_fullxfull.3160469026_fzs4.jpg,https://i.etsystatic.com/30569379/r/il/d67ff7/3224465814/il_fullxfull.3224465814_mtha.jpg,https://i.etsystatic.com/30569379/r/il/5165ad/3224465904/il_fullxfull.3224465904_ewce.jpg,https://i.etsystatic.com/30569379/r/il/786fe7/3224465980/il_fullxfull.3224465980_pq0x.jpg,https://i.etsystatic.com/30569379/r/il/2adc5f/3399677086/il_fullxfull.3399677086_ftdj.jpg,https://i.etsystatic.com/30569379/r/il/b6ce40/3399677110/il_fullxfull.3399677110_rpkm.jpg,https://i.etsystatic.com/30569379/r/il/5af3cc/3399676926/il_fullxfull.3399676926_e2fx.jpg,https://i.etsystatic.com/30569379/r/il/889344/3447344753/il_fullxfull.3447344753_9vs4.jpg,,"Custom Property",Deck,"Arthurian Tarot,Illuminated Tarot,Rider-Waite",,,,
"Detailed Love Tarot Reading | Intuitive Love Reading | Accurate Love Tarot","Get a deep look into your relationship or a potential relationship with a tarot card reading. Discover new and hidden perspectives on how you are both feeling and what you both bring to the relationship. Get advice on the potential outcome of the relationship.

⚞ What You Will Receive ⚟ 
* A intuitive tarot card reading using the deck you chose from the list above
* An email and etsy message with a photo of your tarot cards and spread
* In that same email you'll also receive the detailed interpretation of your cards (300-900 words)

⚞ What I Need From You ⚟ 
* Your name
* Your relationship status
* Your email address


⚞ About Tarot Readings ⚟ 
Tarot readings are a divination practice that provide wisdom and guidance through tarot cards and tarot card spreads. As an experienced intuitive tarot reader, I will use my skills to give you a intuitive, detailed and accurate tarot reading. Tarot readings are an amazing way to learn more about your life and path. My tarot card readings will give you clarity about your past, your present and the best way forward for your future. 


I do not do readings about:  legal questions, lottery numbers, pregnancy, and medical issues. 


Per Etsy legal Requirements, this reading is for entertainment purposes.


Detailed Love Tarot Reading | Intuitive Love Reading | Accurate Love Tarot",10,USD,99,"cheap_tarot,tarot_reading_love,tarot_card_reading,tarot_digital,tarot_love_reading,love_tarot_reading,tarot_card_readings,psychic_love_reading,relationship_reading,love_tarot,friendship_reading,love_reading_tarot,twin_flame","Tarot,intuition,crystals,spirituality,tarot cards,oracle cards,psychic insight",https://i.etsystatic.com/30569379/r/il/0ea334/3613804794/il_fullxfull.3613804794_8ng7.jpg,https://i.etsystatic.com/30569379/r/il/8a3907/3160469026/il_fullxfull.3160469026_fzs4.jpg,https://i.etsystatic.com/30569379/r/il/d67ff7/3224465814/il_fullxfull.3224465814_mtha.jpg,https://i.etsystatic.com/30569379/r/il/5165ad/3224465904/il_fullxfull.3224465904_ewce.jpg,https://i.etsystatic.com/30569379/r/il/786fe7/3224465980/il_fullxfull.3224465980_pq0x.jpg,,,,,,"Custom Property",Deck,"Arthurian Tarot,Illuminated Tarot,Rider-Waite","Custom Property","Number of Cards","3,5,9",
